Workbook

Sheet nový výpočet
A1: Tab.1: Podiel osôb, ktorí neboli obmedzovaní kvôli zdravotnému problému v činnostiach, ktoré bežne vykonávajú, podľa krajov SR, EU SILC 2024
B2: Nepriama kalibrácia koeficientu geometrického poklesu pomocou váženého priemeru | I2: Scenár: podiel vo veku 85+ = 0 % | Q2: Scenár: podiel vo veku 85+ = 2,5 % | Y2: Scenár: podiel vo veku 85+ = 5 %
A3: Vôbec neobmedzovaný Kraj | B3: Podiel (v %) - Osoby vo veku | I3: Vôbec neobmedzovaný | J3: Podiel (v %) – osoby vo veku | Q3: Vôbec neobmedzovaný | R3: Podiel (v %) – osoby vo veku | Y3: Vôbec neobmedzovaný | Z3: Podiel (v %) – osoby vo veku
AG4: 5% oproti 0%
B5: 45-54 | C5: 55-64 | D5: 65-74 | E5: 75-84 | F5: 85+ | G5: 55+ | J5: 45–54 | K5: 55–64 | L5: 65–74 | M5: 75–84 | N5: 85+ | O5: 55+ | R5: 45–54 | S5: 55–64 | T5: 65–74 | U5: 75–84 | V5: 85+ | W5: 55+ | Z5: 45–54 | AA5: 55–64 | AB5: 65–74 | AC5: 75–84 | AD5: 85+ | AE5: 55+ | AG5: 65–74 | AH5: 75–84
I6: Kraj | Q6: Kraj | Y6: Kraj
A7: SR | B7: 0.70649273 | C7: 0.495 | D7: 0.32847847 | E7: 0.21797597 | F7: 0.1446473 | G7: 0.36582028 | I7: SR | J7: 0.70649273 | K7: 0.495 | L7: 0.34037209 | M7: 0.23404679 | N7: 0 | O7: 0.36582028 | Q7: SR | R7: 0.70649273 | S7: 0.495 | T7: 0.33832844 | U7: 0.23124472 | V7: 0.025 | W7: 0.36582028 | Y7: SR | Z7: 0.70649273 | AA7: 0.495 | AB7: 0.33627984 | AC7: 0.22845279 | AD7: 0.05 | AE7: 0.36582028
A8: Bratislavský kraj | B8: 0.6787745 | C8: 0.757 | D8: 0.27177151 | E8: 0.097569024 | F8: 0.035028376 | G8: 0.40351654 | I8: Bratislavský kraj | J8: 0.6787745 | K8: 0.757 | L8: 0.27556601 | M8: 0.10031258 | N8: 0 | O8: 0.40351654 | Q8: Bratislavský kraj | R8: 0.6787745 | S8: 0.757 | T8: 0.27285931 | U8: 0.098351654 | V8: 0.025 | W8: 0.40351654 | Y8: Bratislavský kraj | Z8: 0.6787745 | AA8: 0.757 | AB8: 0.2701453 | AC8: 0.096404864 | AD8: 0.05 | AE8: 0.40351654 | AG8: =ABS(L8-AB8) -> 0.005420712 | AH8: =ABS(M8-AC8) -> 0.0039077197
A9: Trnavský kraj | B9: 0.66339689 | C9: 0.431 | D9: 0.35710967 | E9: 0.29588704 | F9: 0.24516038 | G9: 0.3705199 | I9: Trnavský kraj | J9: 0.66339689 | K9: 0.431 | L9: 0.37365259 | M9: 0.32393563 | N9: 0 | O9: 0.3705199 | Q9: Trnavský kraj | R9: 0.66339689 | S9: 0.431 | T9: 0.37198103 | U9: 0.32104382 | V9: 0.025 | W9: 0.3705199 | Y9: Trnavský kraj | Z9: 0.66339689 | AA9: 0.431 | AB9: 0.37030603 | AC9: 0.31815907 | AD9: 0.05 | AE9: 0.3705199 | AG9: =ABS(L9-AB9) -> 0.003346556 | AH9: =ABS(M9-AC9) -> 0.0057765643
A10: Trenčiansky kraj | B10: 0.71935162 | C10: 0.573 | D10: 0.35041877 | E10: 0.21429897 | F10: 0.13105477 | G10: 0.40117176 | I10: Trenčiansky kraj | J10: 0.71935162 | K10: 0.573 | L10: 0.36183844 | M10: 0.228494 | N10: 0 | O10: 0.40117176 | Q10: Trenčiansky kraj | R10: 0.71935162 | S10: 0.573 | T10: 0.35967079 | U10: 0.22576453 | V10: 0.025 | W10: 0.40117176 | Y10: Trenčiansky kraj | Z10: 0.71935162 | AA10: 0.573 | AB10: 0.3574981 | AC10: 0.22304518 | AD10: 0.05 | AE10: 0.40117176 | AG10: =ABS(L10-AB10) -> 0.0043403485 | AH10: =ABS(M10-AC10) -> 0.0054488154
A11: Nitriansky kraj | B11: 0.79012554 | C11: 0.651 | D11: 0.4407986 | E11: 0.29846913 | F11: 0.20209643 | G11: 0.48681538 | I11: Nitriansky kraj | J11: 0.79012554 | K11: 0.651 | L11: 0.4567816 | M11: 0.32050604 | N11: 0 | O11: 0.48681538 | Q11: Nitriansky kraj | R11: 0.79012554 | S11: 0.651 | T11: 0.45481682 | U11: 0.31775474 | V11: 0.025 | W11: 0.48681538 | Y11: Nitriansky kraj | Z11: 0.79012554 | AA11: 0.651 | AB11: 0.45284857 | AC11: 0.31501049 | AD11: 0.05 | AE11: 0.48681538 | AG11: =ABS(L11-AB11) -> 0.0039330301 | AH11: =ABS(M11-AC11) -> 0.0054955498
A12: Žilinský kraj | B12: 0.75713537 | C12: 0.349 | D12: 0.26636294 | E12: 0.20329288 | F12: 0.1551567 | G12: 0.28354339 | I12: Žilinský kraj | J12: 0.75713537 | K12: 0.349 | L12: 0.27822988 | M12: 0.2218105 | N12: 0 | O12: 0.28354339 | Q12: Žilinský kraj | R12: 0.75713537 | S12: 0.349 | T12: 0.2763326 | U12: 0.21879572 | V12: 0.025 | W12: 0.28354339 | Y12: Žilinský kraj | Z12: 0.75713537 | AA12: 0.349 | AB12: 0.27442971 | AC12: 0.21579273 | AD12: 0.05 | AE12: 0.28354339 | AG12: =ABS(L12-AB12) -> 0.003800172 | AH12: =ABS(M12-AC12) -> 0.0060177694
A13: Banskobystrický kraj | B13: 0.76795152 | C13: 0.487 | D13: 0.3339243 | E13: 0.22896394 | F13: 0.15699512 | G13: 0.36824203 | I13: Banskobystrický kraj | J13: 0.76795152 | K13: 0.487 | L13: 0.34607583 | M13: 0.24593117 | N13: 0 | O13: 0.36824203 | Q13: Banskobystrický kraj | R13: 0.76795152 | S13: 0.487 | T13: 0.34415253 | U13: 0.24320527 | V13: 0.025 | W13: 0.36824203 | Y13: Banskobystrický kraj | Z13: 0.76795152 | AA13: 0.487 | AB13: 0.34222484 | AC13: 0.24048838 | AD13: 0.05 | AE13: 0.36824203 | AG13: =ABS(L13-AB13) -> 0.0038509902 | AH13: =ABS(M13-AC13) -> 0.0054427909
A14: Prešovský kraj | B14: 0.68840596 | C14: 0.288 | D14: 0.2108929 | E14: 0.15442991 | F14: 0.11308393 | G14: 0.22859565 | I14: Prešovský kraj | J14: 0.68840596 | K14: 0.288 | L14: 0.22009731 | M14: 0.16820425 | N14: 0 | O14: 0.22859565 | Q14: Prešovský kraj | R14: 0.68840596 | S14: 0.288 | T14: 0.21807645 | U14: 0.16512965 | V14: 0.025 | W14: 0.22859565 | Y14: Prešovský kraj | Z14: 0.68840596 | AA14: 0.288 | AB14: 0.21604773 | AC14: 0.1620716 | AD14: 0.05 | AE14: 0.22859565 | AG14: =ABS(L14-AB14) -> 0.0040495788 | AH14: =ABS(M14-AC14) -> 0.0061326517
A15: Košický kraj | B15: 0.59957411 | C15: 0.5 | D15: 0.34025199 | E15: 0.23154283 | F15: 0.15756582 | G15: 0.37664575 | I15: Košický kraj | J15: 0.59957411 | K15: 0.5 | L15: 0.35362208 | M15: 0.25009715 | N15: 0 | O15: 0.37664575 | Q15: Košický kraj | R15: 0.59957411 | S15: 0.5 | T15: 0.35151447 | U15: 0.24712484 | V15: 0.025 | W15: 0.37664575 | Y15: Košický kraj | Z15: 0.59957411 | AA15: 0.5 | AB15: 0.34940173 | AC15: 0.24416313 | AD15: 0.05 | AE15: 0.37664575 | AG15: =ABS(L15-AB15) -> 0.0042203544 | AH15: =ABS(M15-AC15) -> 0.0059340192
Y16: Priemerná absolútna zmena | AD16: maximálna zmena
Y17: veková skupina | Z17: priemerná absolútna zmena | AD17: maximálna zmena
Y18: 65-74 | Z18: =AVERAGE(AG8:AG15) -> 0.0041202178 | AD18: =MAX(AG8:AG15) -> 0.005420712
Y19: 75-84 | Z19: =AVERAGE(AH8:AH15) -> 0.005519485 | AD19: =MAX(AH8:AH15) -> 0.0061326517
A21: Tab.2: Podiel mužov, ktorí neboli obmedzovaní kvôli zdravotnému problému v činnostiach, ktoré bežne vykonávajú, podľa krajov SR, EU SILC 2024
I22: Scenár: podiel vo veku 85+ = 0 % | Q22: Scenár: podiel vo veku 85+ = 2,5 % | Y22: Scenár: podiel vo veku 85+ = 5 %
A23: Vôbec neobmedzovaný Kraj | B23: Podiel (v %) - Muži vo veku | I23: Vôbec neobmedzovaný | J23: Podiel (v %) – muži vo veku | Q23: Vôbec neobmedzovaný | R23: Podiel (v %) – muži vo veku | Y23: Vôbec neobmedzovaný | Z23: Podiel (v %) – muži vo veku
AG24: 5% oproti 0%
B25: 45-54 | C25: 55-64 | D25: 65-74 | E25: 75-84 | F25: 85+ | G25: 55+ | J25: 45–54 | K25: 55–64 | L25: 65–74 | M25: 75–84 | N25: 85+ | O25: 55+ | R25: 45–54 | S25: 55–64 | T25: 65–74 | U25: 75–84 | V25: 85+ | W25: 55+ | Z25: 45–54 | AA25: 55–64 | AB25: 65–74 | AC25: 75–84 | AD25: 85+ | AE25: 55+ | AG25: 65–74 | AH25: 75–84
H26: r_T=y_(75-84)/y_(65-74) =18,7/38,8=0,48196 | I26: Kraj | Q26: Kraj | Y26: Kraj
A27: SR | B27: 0.71809303 | C27: 0.487 | D27: 0.3152059 | E27: 0.20401388 | F27: 0.13204596 | G27: 0.36844975 | I27: SR | J27: 0.71809303 | K27: 0.487 | L27: 0.32286891 | M27: 0.21405408 | N27: 0 | O27: 0.36844975 | Q27: SR | R27: 0.71809303 | S27: 0.487 | T27: 0.32142298 | U27: 0.21214114 | V27: 0.025 | W27: 0.36844975 | Y27: SR | Z27: 0.71809303 | AA27: 0.487 | AB27: 0.31997478 | AC27: 0.2102338 | AD27: 0.05 | AE27: 0.36844975
A28: Bratislavský kraj | B28: 0.72713545 | C28: 0.772 | D28: 0.20529355 | E28: 0.054592539 | F28: 0.014517482 | G28: 0.40239454 | I28: Bratislavský kraj | J28: 0.72713545 | K28: 0.772 | L28: 0.20658089 | M28: 0.055279358 | N28: 0 | O28: 0.40239454 | Q28: Bratislavský kraj | R28: 0.72713545 | S28: 0.772 | T28: 0.20436303 | U28: 0.054098769 | V28: 0.025 | W28: 0.40239454 | Y28: Bratislavský kraj | Z28: 0.72713545 | AA28: 0.772 | AB28: 0.20214054 | AC28: 0.052928494 | AD28: 0.05 | AE28: 0.40239454 | AG28: =ABS(L28-AB28) -> 0.004440352 | AH28: =ABS(M28-AC28) -> 0.002350864
A29: Trnavský kraj | B29: 0.70126634 | C29: 0.433 | D29: =G29 -> 0.34703407 | E29: 0.2228421 | F29: 0.15986445 | G29: 0.34703407 | I29: Trnavský kraj | J29: 0.70126634 | K29: 0.433 | L29: 0.31856995 | M29: 0.23438063 | N29: 0 | O29: 0.34703407 | Q29: Trnavský kraj | R29: 0.70126634 | S29: 0.433 | T29: 0.31733304 | U29: 0.23256411 | V29: 0.025 | W29: 0.34703407 | Y29: Trnavský kraj | Z29: 0.70126634 | AA29: 0.433 | AB29: 0.31609435 | AC29: 0.23075204 | AD29: 0.05 | AE29: 0.34703407 | AG29: =ABS(L29-AB29) -> 0.0024756031 | AH29: =ABS(M29-AC29) -> 0.0036285841
A30: Trenčiansky kraj | B30: 0.72548897 | C30: 0.557 | D30: =G30 -> 0.39524702 | E30: 0.18690341 | F30: 0.10826754 | G30: 0.39524702 | I30: Trenčiansky kraj | J30: 0.72548897 | K30: 0.557 | L30: 0.32938999 | M30: 0.19478952 | N30: 0 | O30: 0.39524702 | Q30: Trenčiansky kraj | R30: 0.72548897 | S30: 0.557 | T30: 0.32783848 | U30: 0.19295883 | V30: 0.025 | W30: 0.39524702 | Y30: Trenčiansky kraj | Z30: 0.72548897 | AA30: 0.557 | AB30: 0.32628455 | AC30: 0.19113394 | AD30: 0.05 | AE30: 0.39524702 | AG30: =ABS(L30-AB30) -> 0.003105438 | AH30: =ABS(M30-AC30) -> 0.0036555775
A31: Nitriansky kraj | B31: 0.76738065 | C31: 0.617 | D31: =G31 -> 0.50379027 | E31: 0.33759369 | F31: 0.24971745 | G31: 0.50379027 | I31: Nitriansky kraj | J31: 0.76738065 | K31: 0.617 | L31: 0.46918101 | M31: 0.35677604 | N31: 0 | O31: 0.50379027 | Q31: Nitriansky kraj | R31: 0.76738065 | S31: 0.617 | T31: 0.46790674 | U31: 0.35484071 | V31: 0.025 | W31: 0.50379027 | Y31: Nitriansky kraj | Z31: 0.76738065 | AA31: 0.617 | AB31: 0.46663118 | AC31: 0.35290868 | AD31: 0.05 | AE31: 0.50379027 | AG31: =ABS(L31-AB31) -> 0.0025498316 | AH31: =ABS(M31-AC31) -> 0.0038673638
A32: Žilinský kraj | B32: 0.75952613 | C32: 0.289 | D32: =G32 -> 0.2382463 | E32: 0.16170053 | F32: 0.12095344 | G32: 0.2382463 | I32: Žilinský kraj | J32: 0.75952613 | K32: 0.289 | L32: 0.22217235 | M32: 0.17079776 | N32: 0 | O32: 0.2382463 | Q32: Žilinský kraj | R32: 0.75952613 | S32: 0.289 | T32: 0.22093773 | U32: 0.16890477 | V32: 0.025 | W32: 0.2382463 | Y32: Žilinský kraj | Z32: 0.75952613 | AA32: 0.289 | AB32: 0.21970048 | AC32: 0.16701834 | AD32: 0.05 | AE32: 0.2382463 | AG32: =ABS(L32-AB32) -> 0.0024718691 | AH32: =ABS(M32-AC32) -> 0.0037794179
A33: Banskobystrický kraj | B33: 0.80165913 | C33: 0.481 | D33: =G33 -> 0.37116588 | E33: 0.21317931 | F33: 0.14192047 | G33: 0.37116588 | I33: Banskobystrický kraj | J33: 0.80165913 | K33: 0.481 | L33: 0.32776546 | M33: 0.2233476 | N33: 0 | O33: 0.37116588 | Q33: Banskobystrický kraj | R33: 0.80165913 | S33: 0.481 | T33: 0.32644029 | U33: 0.22154524 | V33: 0.025 | W33: 0.37116588 | Y33: Banskobystrický kraj | Z33: 0.80165913 | AA33: 0.481 | AB33: 0.32511323 | AC33: 0.21974763 | AD33: 0.05 | AE33: 0.37116588 | AG33: =ABS(L33-AB33) -> 0.0026522334 | AH33: =ABS(M33-AC33) -> 0.0035999723
A34: Prešovský kraj | B34: 0.72395013 | C34: 0.306 | D34: =G34 -> 0.24239224 | E34: 0.14657779 | F34: 0.10144754 | G34: 0.24239224 | I34: Prešovský kraj | J34: 0.72395013 | K34: 0.306 | L34: 0.21744929 | M34: 0.15452351 | N34: 0 | O34: 0.24239224 | Q34: Prešovský kraj | R34: 0.72395013 | S34: 0.306 | T34: 0.21605829 | U34: 0.1525529 | V34: 0.025 | W34: 0.24239224 | Y34: Prešovský kraj | Z34: 0.72395013 | AA34: 0.306 | AB34: 0.2146641 | AC34: 0.15059044 | AD34: 0.05 | AE34: 0.24239224 | AG34: =ABS(L34-AB34) -> 0.0027851964 | AH34: =ABS(M34-AC34) -> 0.003933074
A35: Košický kraj | B35: 0.5534179 | C35: 0.522 | D35: =G35 -> 0.43265938 | E35: 0.2991733 | F35: 0.22648998 | G35: 0.43265938 | I35: Košický kraj | J35: 0.5534179 | K35: 0.522 | L35: 0.40904975 | M35: 0.32053965 | N35: 0 | O35: 0.43265938 | Q35: Košický kraj | R35: 0.5534179 | S35: 0.522 | T35: 0.40752785 | U35: 0.31815891 | V35: 0.025 | W35: 0.43265938 | Y35: Košický kraj | Z35: 0.5534179 | AA35: 0.522 | AB35: 0.40600378 | AC35: 0.31578366 | AD35: 0.05 | AE35: 0.43265938 | AG35: =ABS(L35-AB35) -> 0.0030459706 | AH35: =ABS(M35-AC35) -> 0.0047559944
Y36: Priemerná absolútna zmena | AD36: maximálna zmena
Y37: veková skupina | Z37: priemerná absolútna zmena | AD37: maximálna zmena
Y38: 65-74 | Z38: =AVERAGE(AG28:AG35) -> 0.0029408118 | AD38: =MAX(AG28:AG35) -> 0.004440352
A39: Tab.3: Podiel žien, ktoré neboli obmedzované kvôli zdravotnému problému v činnostiach, ktoré bežne vykonávajú, podľa krajov SR, EU SILC 2024 | Y39: 75-84 | Z39: =AVERAGE(AH28:AH35) -> 0.003696356 | AD39: =MAX(AH28:AH35) -> 0.0047559944
I40: Scenár: podiel vo veku 85+ = 0 % | Q40: Scenár: podiel vo veku 85+ = 2,5 % | Y40: Scenár: podiel vo veku 85+ = 5 %
A41: Vôbec neobmedzovaný Kraj | B41: Podiel (v %) - Ženy vo veku | I41: Vôbec neobmedzovaný | J41: Podiel (v %) – ženy vo veku | Q41: Vôbec neobmedzovaný | R41: Podiel (v %) – ženy vo veku | Y41: Vôbec neobmedzovaný | Z41: Podiel (v %) – ženy vo veku
AG42: 5% oproti 0%
B43: 45-54 | C43: 55-64 | D43: 65-74 | E43: 75-84 | F43: 85+ | G43: 55+ | J43: 45–54 | K43: 55–64 | L43: 65–74 | M43: 75–84 | N43: 85+ | O43: 55+ | R43: 45–54 | S43: 55–64 | T43: 65–74 | U43: 75–84 | V43: 85+ | W43: 55+ | Z43: 45–54 | AA43: 55–64 | AB43: 65–74 | AC43: 75–84 | AD43: 85+ | AE43: 55+ | AG43: 65–74 | AH43: 75–84
I44: Kraj | Q44: Kraj | Y44: Kraj
A45: SR | B45: 0.69451727 | C45: 0.502 | D45: 0.33820821 | E45: 0.22785815 | F45: 0.15351294 | G45: 0.36385884 | I45: SR | J45: 0.69451727 | K45: 0.502 | L45: 0.35338061 | M45: 0.24876067 | N45: 0 | O45: 0.36385884 | Q45: SR | R45: 0.69451727 | S45: 0.502 | T45: 0.35092929 | U45: 0.24532145 | V45: 0.025 | W45: 0.36385884 | Y45: SR | Z45: 0.69451727 | AA45: 0.502 | AB45: 0.34847047 | AC45: 0.24189575 | AD45: 0.05 | AE45: 0.36385884
A46: Bratislavský kraj | B46: 0.62886321 | C46: 0.744 | D46: 0.31434622 | E46: 0.13281391 | F46: 0.056114987 | G46: 0.40430821 | I46: Bratislavský kraj | J46: 0.62886321 | K46: 0.744 | L46: 0.32108663 | M46: 0.13857073 | N46: 0 | O46: 0.40430821 | Q46: Bratislavský kraj | R46: 0.62886321 | S46: 0.744 | T46: 0.31808945 | U46: 0.13599583 | V46: 0.025 | W46: 0.40430821 | Y46: Bratislavský kraj | Z46: 0.62886321 | AA46: 0.744 | AB46: 0.31508301 | AC46: 0.13343724 | AD46: 0.05 | AE46: 0.40430821 | AG46: =ABS(L46-AB46) -> 0.006003616 | AH46: =ABS(M46-AC46) -> 0.0051334923
A47: Trnavský kraj | B47: 0.62387585 | C47: 0.429 | D47: =G47 -> 0.38798485 | E47: 0.34400271 | F47: 0.30804499 | G47: 0.38798485 | I47: Trnavský kraj | J47: 0.62387585 | K47: 0.429 | L47: 0.4083455 | M47: 0.38868542 | N47: 0 | O47: 0.38798485 | Q47: Trnavský kraj | R47: 0.62387585 | S47: 0.429 | T47: 0.40641005 | U47: 0.38500962 | V47: 0.025 | W47: 0.38798485 | Y47: Trnavský kraj | Z47: 0.62387585 | AA47: 0.429 | AB47: 0.40446985 | AC47: 0.38134234 | AD47: 0.05 | AE47: 0.38798485 | AG47: =ABS(L47-AB47) -> 0.0038756454 | AH47: =ABS(M47-AC47) -> 0.0073430865
A48: Trenčiansky kraj | B48: 0.71292318 | C48: 0.588 | D48: =G48 -> 0.40586445 | E48: 0.23363255 | F48: 0.14726901 | G48: 0.40586445 | I48: Trenčiansky kraj | J48: 0.71292318 | K48: 0.588 | L48: 0.38606706 | M48: 0.25348261 | N48: 0 | O48: 0.40586445 | Q48: Trenčiansky kraj | R48: 0.71292318 | S48: 0.588 | T48: 0.3834672 | U48: 0.25008009 | V48: 0.025 | W48: 0.40586445 | Y48: Trenčiansky kraj | Z48: 0.71292318 | AA48: 0.588 | AB48: 0.38085984 | AC48: 0.24669084 | AD48: 0.05 | AE48: 0.40586445 | AG48: =ABS(L48-AB48) -> 0.0052072194 | AH48: =ABS(M48-AC48) -> 0.0067917629
A49: Nitriansky kraj | B49: 0.81373995 | C49: 0.681 | D49: =G49 -> 0.47383404 | E49: 0.27569723 | F49: 0.17541836 | G49: 0.47383404 | I49: Nitriansky kraj | J49: 0.81373995 | K49: 0.681 | L49: 0.45079378 | M49: 0.2984068 | N49: 0 | O49: 0.47383404 | Q49: Nitriansky kraj | R49: 0.81373995 | S49: 0.681 | T49: 0.44831854 | U49: 0.29513879 | V49: 0.025 | W49: 0.47383404 | Y49: Nitriansky kraj | Z49: 0.81373995 | AA49: 0.681 | AB49: 0.44583747 | AC49: 0.29188113 | AD49: 0.05 | AE49: 0.47383404 | AG49: =ABS(L49-AB49) -> 0.004956308 | AH49: =ABS(M49-AC49) -> 0.0065256691
A50: Žilinský kraj | B50: 0.7546398 | C50: 0.401 | D50: =G50 -> 0.31829719 | E50: 0.23237257 | F50: 0.17689075 | G50: 0.31829719 | I50: Žilinský kraj | J50: 0.7546398 | K50: 0.401 | L50: 0.32218154 | M50: 0.25885523 | N50: 0 | O50: 0.31829719 | Q50: Žilinský kraj | R50: 0.7546398 | S50: 0.401 | T50: 0.3198146 | U50: 0.25506579 | V50: 0.025 | W50: 0.31829719 | Y50: Žilinský kraj | Z50: 0.7546398 | AA50: 0.401 | AB50: 0.31743954 | AC50: 0.25129143 | AD50: 0.05 | AE50: 0.31829719 | AG50: =ABS(L50-AB50) -> 0.0047420028 | AH50: =ABS(M50-AC50) -> 0.007563803
A51: Banskobystrický kraj | B51: 0.73357594 | C51: 0.493 | D51: =G51 -> 0.36613623 | E51: 0.23907142 | F51: 0.16648229 | G51: 0.36613623 | I51: Banskobystrický kraj | J51: 0.73357594 | K51: 0.493 | L51: 0.358891 | M51: 0.26126319 | N51: 0 | O51: 0.36613623 | Q51: Banskobystrický kraj | R51: 0.73357594 | S51: 0.493 | T51: 0.35657078 | U51: 0.25789598 | V51: 0.025 | W51: 0.36613623 | Y51: Banskobystrický kraj | Z51: 0.73357594 | AA51: 0.493 | AB51: 0.35424378 | AC51: 0.25454089 | AD51: 0.05 | AE51: 0.36613623 | AG51: =ABS(L51-AB51) -> 0.0046472178 | AH51: =ABS(M51-AC51) -> 0.0067222975
A52: Prešovský kraj | B52: 0.65169089 | C52: 0.275 | D52: =G52 -> 0.21833762 | E52: 0.15770748 | F52: 0.11942963 | G52: 0.21833762 | I52: Prešovský kraj | J52: 0.65169089 | K52: 0.275 | L52: 0.22006845 | M52: 0.17610954 | N52: 0 | O52: 0.21833762 | Q52: Prešovský kraj | R52: 0.65169089 | S52: 0.275 | T52: 0.21761984 | U52: 0.17221234 | V52: 0.025 | W52: 0.21833762 | Y52: Prešovský kraj | Z52: 0.65169089 | AA52: 0.275 | AB52: 0.2151584 | AC52: 0.16833868 | AD52: 0.05 | AE52: 0.21833762 | AG52: =ABS(L52-AB52) -> 0.0049100486 | AH52: =ABS(M52-AC52) -> 0.0077708545
A53: Košický kraj | B53: 0.6459976 | C53: 0.482 | D53: =G53 -> 0.33615333 | E53: 0.19230347 | F53: 0.12146668 | G53: 0.33615333 | I53: Košický kraj | J53: 0.6459976 | K53: 0.482 | L53: 0.31690142 | M53: 0.20835375 | N53: 0 | O53: 0.33615333 | Q53: Košický kraj | R53: 0.6459976 | S53: 0.482 | T53: 0.31435569 | U53: 0.2050197 | V53: 0.025 | W53: 0.33615333 | Y53: Košický kraj | Z53: 0.6459976 | AA53: 0.482 | AB53: 0.31180132 | AC53: 0.20170137 | AD53: 0.05 | AE53: 0.33615333 | AG53: =ABS(L53-AB53) -> 0.0051001008 | AH53: =ABS(M53-AC53) -> 0.0066523803
Y54: Priemerná absolútna zmena | AD54: maximálna zmena
Y55: veková skupina | Z55: priemerná absolútna zmena | AD55: maximálna zmena
Y56: 65-74 | Z56: =AVERAGE(AG46:AG53) -> 0.0049302698 | AD56: =MAX(AG46:AG53) -> 0.006003616
A57: HLY | B57: Muži | C57: Ženy | Y57: 75-84 | Z57: =AVERAGE(AH46:AH53) -> 0.0068129182 | AD57: =MAX(AH46:AH53) -> 0.0077708545
A58: Bratislavský kraj | B58: ='4.2 HLY kraje_2024_m_ž'!R17 -> 0.40693302 | C58: ='4.2 HLY kraje_2024_m_ž'!R203 -> 0.41178293
A59: Trnavský kraj | B59: ='4.2 HLY kraje_2024_m_ž'!R40 -> 0.37272599 | C59: ='4.2 HLY kraje_2024_m_ž'!R226 -> 0.40025509
A60: Trenčiansky kraj | B60: ='4.2 HLY kraje_2024_m_ž'!R63 -> 0.41409417 | C60: ='4.2 HLY kraje_2024_m_ž'!R249 -> 0.42019332
A61: Nitriansky kraj | B61: ='4.2 HLY kraje_2024_m_ž'!R86 -> 0.51435852 | C61: ='4.2 HLY kraje_2024_m_ž'!R272 -> 0.49101327
A62: Žilinský kraj | B62: ='4.2 HLY kraje_2024_m_ž'!R109 -> 0.28435043 | C62: ='4.2 HLY kraje_2024_m_ž'!R295 -> 0.34702693
A63: Banskobystrický kraj | B63: ='4.2 HLY kraje_2024_m_ž'!R132 -> 0.40293879 | C63: ='4.2 HLY kraje_2024_m_ž'!R318 -> 0.39089341
A64: Prešovský kraj | B64: ='4.2 HLY kraje_2024_m_ž'!R155 -> 0.27957217 | C64: ='4.2 HLY kraje_2024_m_ž'!R341 -> 0.25077775
A65: Košický kraj | B65: ='4.2 HLY kraje_2024_m_ž'!R178 -> 0.42900335 | C65: ='4.2 HLY kraje_2024_m_ž'!R364 -> 0.35283552

Sheet 4.2 HLY kraje_2024_m_ž
A1: Muži | B1: Počet obyvateľov k 31. 12. | F1: Počet zomretých v roku | I1: Obdobie: 2024 | O1: Healthy
B2: 2021 | C2: 2022 | D2: 2023 | E2: 2024 | F2: 2022 | G2: 2023 | H2: 2024 | I2: qx | J2: lx | K2: dx | L2: L*x | M2: Tx | N2: ex | O2: nLx | P2: Tx | Q2: HLEx
A4: Bratislavský kraj
A5: 0 | B5: 4232 | C5: 3822 | D5: 3465 | E5: 3103 | F5: 12 | G5: 14 | H5: 9 | I5: 0.0033686237 | J5: 100000 | K5: 336.86237 | L5: 99696.824 | M5: 7711867 | N5: 77.11867
A6: 1-4 | B6: 18393 | C6: 17990 | D6: 17052 | E6: 16063 | F6: 2 | G6: 0 | H6: 0 | I6: 0.00015303975 | J6: 99663.138 | K6: 15.252422 | L6: 99655.511 | M6: 7612170.2 | N6: 76.378994
A7: 5-9 | B7: 21917 | C7: 22365 | D7: 23069 | E7: 23200 | F7: 1 | G7: 4 | H7: 0 | I7: 0.0001027297 | J7: 99647.885 | K7: 10.236797 | L7: 99642.767 | M7: 7213548.1 | N7: 72.390379
A8: 10-14 | B8: 18744 | C8: 19560 | D8: 20045 | E8: 20560 | F8: 2 | G8: 3 | H8: 4 | I8: 0.00083585164 | J8: 99637.648 | K8: 83.282292 | L8: 99596.007 | M8: 6715334.3 | N8: 67.397559
A9: 15-19 | B9: 14197 | C9: 15113 | D9: 16051 | E9: 17085 | F9: 7 | G9: 4 | H9: 5 | I9: 0.0015973005 | J9: 99554.366 | K9: 159.01824 | L9: 99474.857 | M9: 6217354.3 | N9: 62.451849
A10: 20-24 | B10: 13056 | C10: 12847 | D10: 12977 | E10: 13386 | F10: 3 | G10: 9 | H10: 8 | I10: 0.0028341955 | J10: 99395.348 | K10: 281.70585 | L10: 99254.495 | M10: 5719980 | N10: 57.547764
A11: 25-29 | B11: 17992 | C11: 16859 | D11: 15739 | E11: 15065 | F11: 7 | G11: 17 | H11: 17 | I11: 0.0035839834 | J11: 99113.642 | K11: 355.22165 | L11: 98936.031 | M11: 5223707.5 | N11: 52.704223
A12: 30-34 | B12: 27645 | C12: 26884 | D12: 25812 | E12: 24267 | F12: 26 | G12: 18 | H12: 13 | I12: 0.0041329937 | J12: 98758.42 | K12: 408.16793 | L12: 98554.336 | M12: 4729027.4 | N12: 47.884802
A13: 35-39 | B13: 33620 | C13: 32966 | D13: 32444 | E13: 31730 | F13: 37 | G13: 38 | H13: 41 | I13: 0.0056046127 | J13: 98350.252 | K13: 551.21507 | L13: 98074.645 | M13: 4236255.7 | N13: 43.073155 | P13: keby sa pre vek od 55 rokov počítalo s nasledujúcimi konštantami 1-πx
A14: 40-44 | B14: 35601 | C14: 35436 | D14: 35208 | E14: 34632 | F14: 59 | G14: 72 | H14: 60 | I14: 0.0089393962 | J14: 97799.037 | K14: 874.26434 | L14: 97361.905 | M14: 3745882.5 | N14: 38.301834 | T14: 1-πx
A15: 45-49 | B15: 30414 | C15: 32415 | D15: 34001 | E15: 35301 | F15: 95 | G15: 99 | H15: 104 | I15: 0.01512277 | J15: 96924.773 | K15: 1465.771 | L15: 96191.888 | M15: 3259072.9 | N15: 33.624767 | O15: =$T15*L15*5 -> 349722.66 | P15: =SUM(O15:O$23) -> 1556644.3 | Q15: =P15/J15 -> 16.060335 | S15: 45-54 | T15: ='nový výpočet'!R28 -> 0.72713545
A16: 50-54 | B16: 21571 | C16: 22856 | D16: 24444 | E16: 26353 | F16: 119 | G16: 120 | H16: 142 | I16: 0.026390517 | J16: 95459.002 | K16: 2519.2124 | L16: 94199.396 | M16: 2778113.5 | N16: 29.102687 | O16: =$T15*L16*5 -> 342478.6 | P16: =SUM(O16:O$23) -> 1206921.6 | Q16: =P16/J16 -> 12.643351 | R16: AAI 4.2 | S16: 55-64 | T16: ='nový výpočet'!S28 -> 0.772
A17: 55-59 | B17: 19728 | C17: 19528 | D17: 19418 | E17: 19531 | F17: 206 | G17: 146 | H17: 166 | I17: 0.042070945 | J17: 92939.79 | K17: 3910.0648 | L17: 90984.757 | M17: 2307116.5 | N17: 24.823776 | O17: =$T16*L17*5 -> 351201.16 | P17: =SUM(O17:O$23) -> 864443.03 | Q17: =P17/J17 -> 9.3011081 | R17: =(AVERAGE(Q16:Q17)/AVERAGE(N16:N17)) -> 0.40693302 | S17: 65-74 | T17: ='nový výpočet'!T28 -> 0.20436303
A18: 60-64 | B18: 19233 | C18: 18777 | D18: 18735 | E18: 18811 | F18: 277 | G18: 251 | H18: 236 | I18: 0.067888532 | J18: 89029.725 | K18: 6044.0974 | L18: 86007.676 | M18: 1852192.7 | N18: 20.804206 | O18: =$T16*L18*5 -> 331989.63 | P18: =SUM(O18:O$23) -> 513241.87 | Q18: =P18/J18 -> 5.7648372 | S18: 75-84 | T18: ='nový výpočet'!U28 -> 0.054098769
A19: 65-69 | B19: 20196 | C19: 19950 | D19: 19358 | E19: 18793 | F19: 497 | G19: 457 | H19: 401 | I19: 0.10612304 | J19: 82985.627 | K19: 8806.6868 | L19: 78582.284 | M19: 1422154.3 | N19: 17.137357 | O19: =T17*L19*5 -> 80296.57 | P19: =SUM(O19:O$23) -> 181252.24 | Q19: =P19/J19 -> 2.1841401 | S19: 85+ | T19: ='nový výpočet'!V28 -> 0.025
A20: 70-74 | B20: 14932 | C20: 15646 | D20: 16316 | E20: 16976 | F20: 571 | G20: 548 | H20: 505 | I20: 0.15630188 | J20: 74178.941 | K20: 11594.308 | L20: 68381.787 | M20: 1029242.9 | N20: 13.875136 | O20: =T17*L20*5 -> 69873.547 | P20: =SUM(O20:O$23) -> 100955.67 | Q20: =P20/J20 -> 1.3609748
A21: 75-79 | B21: 8540 | C21: 9157 | D21: 9891 | E21: 10486 | F21: 483 | G21: 458 | H21: 530 | I21: 0.22675504 | J21: 62584.633 | K21: 14191.381 | L21: 55488.942 | M21: 687333.99 | N21: 10.982472 | O21: =T18*L21*5 -> 15009.417 | P21: =SUM(O21:O$23) -> 31082.123 | Q21: =P21/J21 -> 0.49664146
A22: 80-84 | B22: 4749 | C22: 5022 | D22: 5259 | E22: 5603 | F22: 457 | G22: 417 | H22: 416 | I22: 0.34525211 | J22: 48393.252 | K22: 16707.872 | L22: 40039.316 | M22: 409889.28 | N22: 8.4699677 | O22: =T18*L22*5 -> 10830.388 | P22: =SUM(O22:O$23) -> 16072.706 | Q22: =P22/J22 -> 0.33212701
A23: 85+ | B23: 3539 | C23: 3529 | D23: 3787 | E23: 3933 | F23: 601 | G23: 497 | H23: 572 | I23: 0.54836803 | J23: 31685.379 | K23: 31685.379 | L23: 209692.7 | M23: 209692.7 | N23: 6.6179641 | O23: =T19*L23 -> 5242.3175 | P23: =SUM(O23:O$23) -> 5242.3175 | Q23: =P23/J23 -> 0.1654491
B26: Počet obyvateľov k 31. 12. | F26: Počet zomretých v roku | I26: Obdobie: 2024
A27: Trnavský kraj | B27: 2021 | C27: 2022 | D27: 2023 | E27: 2024 | F27: 2022 | G27: 2023 | H27: 2024 | I27: qx | J27: lx | K27: dx | L27: L*x | M27: Tx | N27: ex
A28: 0 | B28: 2775 | C28: 2604 | D28: 2449 | E28: 2179 | F28: 8 | G28: 4 | H28: 5 | I28: 0.0023506637 | J28: 100000 | K28: 235.06637 | L28: 99788.44 | M28: 7468842.4 | N28: 74.688424
A29: 1-4 | B29: 11785 | C29: 11654 | D29: 11341 | E29: 10938 | F29: 1 | G29: 0 | H29: 3 | I29: 0.00046559676 | J29: 99764.934 | K29: 46.45023 | L29: 99741.709 | M29: 7369054 | N29: 73.86417
A30: 5-9 | B30: 14722 | C30: 14915 | D30: 15089 | E30: 15197 | F30: 2 | G30: 2 | H30: 2 | I30: 0.00039412887 | J30: 99718.483 | K30: 39.301934 | L30: 99698.832 | M30: 6970087.1 | N30: 69.897645
A31: 10-14 | B31: 13943 | C31: 14317 | D31: 14482 | E31: 14514 | F31: 1 | G31: 4 | H31: 1 | I31: 0.00094154256 | J31: 99679.181 | K31: 93.852191 | L31: 99632.255 | M31: 6471593 | N31: 64.924219
A32: 15-19 | B32: 12746 | C32: 12924 | D32: 13278 | E32: 13556 | F32: 2 | G32: 8 | H32: 6 | I32: 0.0018358872 | J32: 99585.329 | K32: 182.82743 | L32: 99493.916 | M32: 5973431.7 | N32: 59.983049
A33: 20-24 | B33: 13499 | C33: 13051 | D33: 12694 | E33: 12658 | F33: 9 | G33: 4 | H33: 9 | I33: 0.002870072 | J33: 99402.502 | K33: 285.29234 | L33: 99259.856 | M33: 5475962.1 | N33: 55.088776
A34: 25-29 | B34: 17029 | C34: 16157 | D34: 15293 | E34: 14540 | F34: 12 | G34: 14 | H34: 11 | I34: 0.0039418381 | J34: 99117.21 | K34: 390.70399 | L34: 98921.858 | M34: 4979662.9 | N34: 50.240144
A35: 30-34 | B35: 20768 | C35: 20328 | D35: 19919 | E35: 19434 | F35: 20 | G35: 20 | H35: 27 | I35: 0.0053550007 | J35: 98726.506 | K35: 528.68051 | L35: 98462.165 | M35: 4485053.6 | N35: 45.429072
A36: 35-39 | B36: 23147 | C36: 22684 | D36: 22267 | E36: 21710 | F36: 35 | G36: 33 | H36: 34 | I36: 0.0076938482 | J36: 98197.825 | K36: 755.51916 | L36: 97820.065 | M36: 3992742.7 | N36: 40.660195 | T36: 1-πx
A37: 40-44 | B37: 25098 | C37: 24709 | D37: 24295 | E37: 23856 | F37: 68 | G37: 57 | H37: 56 | I37: 0.012316157 | J37: 97442.306 | K37: 1200.1147 | L37: 96842.248 | M37: 3503642.4 | N37: 35.95607 | S37: 45-54 | T37: ='nový výpočet'!R29 -> 0.70126634
A38: 45-49 | B38: 24581 | C38: 25281 | D38: 25616 | E38: 25652 | F38: 101 | G38: 107 | H38: 98 | I38: 0.019005292 | J38: 96242.191 | K38: 1829.1109 | L38: 95327.636 | M38: 3019431.2 | N38: 31.373259 | O38: =T37*L38*5 -> 334250.31 | P38: =SUM(O38:O$46) -> 1359561.6 | Q38: =P38/J38 -> 14.126461 | S38: 55-64 | T38: ='nový výpočet'!S29 -> 0.433
A39: 50-54 | B39: 19356 | C39: 20037 | D39: 21087 | E39: 22099 | F39: 110 | G39: 134 | H39: 132 | I39: 0.031174454 | J39: 94413.08 | K39: 2943.2762 | L39: 92941.442 | M39: 2542793 | N39: 26.932635 | O39: =T37*L39*5 -> 325883.53 | P39: =SUM(O39:O$46) -> 1025311.3 | Q39: =P39/J39 -> 10.859844 | R39: AAI 4.2 | S39: 65-74 | T39: ='nový výpočet'!T29 -> 0.31733304
A40: 55-59 | B40: 18554 | C40: 18429 | D40: 18271 | E40: 18199 | F40: 231 | G40: 190 | H40: 194 | I40: 0.054610386 | J40: 91469.804 | K40: 4995.2013 | L40: 88972.203 | M40: 2078085.8 | N40: 22.718817 | O40: =T38*L40*5 -> 192624.82 | P40: =SUM(O40:O$46) -> 699427.77 | Q40: =P40/J40 -> 7.6465428 | R40: =(AVERAGE(Q39:Q40)/AVERAGE(N39:N40)) -> 0.37272599 | S40: 75-84 | T40: ='nový výpočet'!U29 -> 0.23256411
A41: 60-64 | B41: 17690 | C41: 17406 | D41: 17223 | E41: 17497 | F41: 376 | G41: 306 | H41: 286 | I41: 0.086598569 | J41: 86474.603 | K41: 7488.5768 | L41: 82730.314 | M41: 1633224.8 | N41: 18.886757 | O41: =T38*L41*5 -> 179111.13 | P41: =SUM(O41:O$46) -> 506802.95 | Q41: =P41/J41 -> 5.8607144 | S41: 85+ | T41: ='nový výpočet'!V29 -> 0.025
A42: 65-69 | B42: 16833 | C42: 16897 | D42: 16882 | E42: 16563 | F42: 483 | G42: 441 | H42: 416 | I42: 0.12354882 | J42: 78986.026 | K42: 9758.6305 | L42: 74106.711 | M42: 1219573.2 | N42: 15.440367 | O42: =T39*L42*5 -> 117582.54 | P42: =SUM(O42:O$46) -> 327691.82 | Q42: =P42/J42 -> 4.1487316
A43: 70-74 | B43: 12004 | C43: 12639 | D43: 13238 | E43: 13829 | F43: 514 | G43: 524 | H43: 505 | I43: 0.18726576 | J43: 69227.395 | K43: 12963.92 | L43: 62745.435 | M43: 849039.64 | N43: 12.264504 | O43: =T39*L43*5 -> 99555.999 | P43: =SUM(O43:O$46) -> 210109.28 | Q43: =P43/J43 -> 3.0350597
A44: 75-79 | B44: 6625 | C44: 6973 | D44: 7483 | E44: 8053 | F44: 511 | G44: 474 | H44: 493 | I44: 0.27589657 | J44: 56263.475 | K44: 15522.9 | L44: 48502.025 | M44: 535312.47 | N44: 9.5143868 | O44: =T40*L44*5 -> 56399.151 | P44: =SUM(O44:O$46) -> 110553.28 | Q44: =P44/J44 -> 1.9649209
A45: 80-84 | B45: 3710 | C45: 3841 | D45: 3985 | E45: 4145 | F45: 414 | G45: 368 | H45: 385 | I45: 0.3977234 | J45: 40740.575 | K45: 16203.48 | L45: 32638.835 | M45: 292802.34 | N45: 7.1869958 | O45: =T40*L45*5 -> 37953.108 | P45: =SUM(O45:O$46) -> 54154.129 | Q45: =P45/J45 -> 1.3292431
A46: 85+ | B46: 2142 | C46: 2176 | D46: 2298 | E46: 2390 | F46: 452 | G46: 388 | H46: 436 | I46: 0.64249748 | J46: 24537.095 | K46: 24537.095 | L46: 129608.17 | M46: 129608.17 | N46: 5.2821317 | O46: =T41*L46*5 -> 16201.021 | P46: =SUM(O46:O$46) -> 16201.021 | Q46: =P46/J46 -> 0.66026646
B49: Počet obyvateľov k 31. 12. | F49: Počet zomretých v roku | I49: Obdobie: 2024
A50: Trenčiansky kraj | B50: 2021 | C50: 2022 | D50: 2023 | E50: 2024 | F50: 2022 | G50: 2023 | H50: 2024 | I50: qx | J50: lx | K50: dx | L50: L*x | M50: Tx | N50: ex
A51: 0 | B51: 2676 | C51: 2467 | D51: 2171 | E51: 1994 | F51: 8 | G51: 8 | H51: 1 | I51: 0.0025633293 | J51: 100000 | K51: 256.33293 | L51: 99769.3 | M51: 7508028.4 | N51: 75.080284
A52: 1-4 | B52: 11290 | C52: 11097 | D52: 10771 | E52: 10161 | F52: 2 | G52: 1 | H52: 1 | I52: 0.00049077496 | J52: 99743.667 | K52: 48.951695 | L52: 99719.191 | M52: 7408259.1 | N52: 74.272977
A53: 5-9 | B53: 14106 | C53: 14252 | D53: 14270 | E53: 14354 | F53: 1 | G53: 1 | H53: 0 | I53: 0.0001043874 | J53: 99694.715 | K53: 10.406873 | L53: 99689.512 | M53: 7009382.3 | N53: 70.308464
A54: 10-14 | B54: 13892 | C54: 13981 | D54: 14130 | E54: 14139 | F54: 0 | G54: 3 | H54: 1 | I54: 0.00063284774 | J54: 99684.309 | K54: 63.084989 | L54: 99652.766 | M54: 6510934.7 | N54: 65.315543
A55: 15-19 | B55: 12437 | C55: 12706 | D55: 13050 | E55: 13248 | F55: 7 | G55: 1 | H55: 5 | I55: 0.0013088972 | J55: 99621.224 | K55: 130.39394 | L55: 99556.027 | M55: 6012670.9 | N55: 60.355321
A56: 20-24 | B56: 13695 | C56: 13046 | D56: 12711 | E56: 12453 | F56: 4 | G56: 8 | H56: 5 | I56: 0.0027528312 | J56: 99490.83 | K56: 273.88146 | L56: 99353.889 | M56: 5514890.8 | N56: 55.431147
A57: 25-29 | B57: 17547 | C57: 16549 | D57: 15267 | E57: 14586 | F57: 24 | G57: 16 | H57: 12 | I57: 0.0050526595 | J57: 99216.948 | K57: 501.30946 | L57: 98966.293 | M57: 5018121.3 | N57: 50.57726
A58: 30-34 | B58: 21057 | C58: 20340 | D58: 19825 | E58: 19054 | F58: 31 | G58: 23 | H58: 32 | I58: 0.0066853377 | J58: 98715.639 | K58: 659.94738 | L58: 98385.665 | M58: 4523289.9 | N58: 45.821411
A59: 35-39 | B59: 22850 | C59: 22346 | D59: 21851 | E59: 21434 | F59: 34 | G59: 38 | H59: 34 | I59: 0.0090870569 | J59: 98055.691 | K59: 891.03764 | L59: 97610.172 | M59: 4031361.5 | N59: 41.112979 | T59: 1-πx
A60: 40-44 | B60: 24903 | C60: 24449 | D60: 23851 | E60: 23192 | F60: 71 | G60: 77 | H60: 63 | I60: 0.012944121 | J60: 97164.654 | K60: 1257.711 | L60: 96535.798 | M60: 3543310.7 | N60: 36.467075 | S60: 45-54 | T60: ='nový výpočet'!R30 -> 0.72548897
A61: 45-49 | B61: 23363 | C61: 24086 | D61: 24613 | E61: 24940 | F61: 101 | G61: 82 | H61: 80 | I61: 0.01888881 | J61: 95906.943 | K61: 1811.568 | L61: 95001.159 | M61: 3060631.7 | N61: 31.912514 | O61: =T60*L61*5 -> 344611.47 | P61: =SUM(O61:O$69) -> 1488556.1 | S61: 55-64 | T61: ='nový výpočet'!S30 -> 0.557
A62: 50-54 | B62: 19461 | C62: 19779 | D62: 20408 | E62: 21314 | F62: 132 | G62: 122 | H62: 119 | I62: 0.030354578 | J62: 94095.375 | K62: 2856.2254 | L62: 92667.262 | M62: 2585625.9 | N62: 27.478778 | O62: =T60*L62*5 -> 336145.38 | P62: =SUM(O62:O$69) -> 1143944.6 | Q62: =P62/J62 -> 12.157289 | R62: AAI 4.2 | S62: 65-74 | T62: ='nový výpočet'!T30 -> 0.32783848
A63: 55-59 | B63: 19756 | C63: 19525 | D63: 19054 | E63: 18616 | F63: 226 | G63: 184 | H63: 188 | I63: 0.04953214 | J63: 91239.149 | K63: 4519.2703 | L63: 88979.514 | M63: 2122289.6 | N63: 23.260734 | O63: =T61*L63*5 -> 247807.95 | P63: =SUM(O63:O$69) -> 807799.25 | Q63: =P63/J63 -> 8.8536474 | R63: =(AVERAGE(Q62:Q63)/AVERAGE(N62:N63)) -> 0.41409417 | S63: 75-84 | T63: ='nový výpočet'!U30 -> 0.19295883
A64: 60-64 | B64: 19242 | C64: 18849 | D64: 18786 | E64: 18904 | F64: 330 | G64: 292 | H64: 283 | I64: 0.078032622 | J64: 86719.879 | K64: 6766.9796 | L64: 83336.389 | M64: 1677392 | N64: 19.342647 | O64: =T61*L64*5 -> 232091.84 | P64: =SUM(O64:O$69) -> 559991.31 | Q64: =P64/J64 -> 6.4574733 | S64: 85+ | T64: ='nový výpočet'!V30 -> 0.025
A65: 65-69 | B65: 17968 | C65: 18054 | D65: 18077 | E65: 17863 | F65: 497 | G65: 448 | H65: 440 | I65: 0.11826333 | J65: 79952.899 | K65: 9455.496 | L65: 75225.151 | M65: 1260710.1 | N65: 15.76816 | O65: =T62*L65*5 -> 123308.49 | P65: =SUM(O65:O$69) -> 327899.46 | Q65: =P65/J65 -> 4.1011579
A66: 70-74 | B66: 12961 | C66: 13618 | D66: 14137 | E66: 14831 | F66: 555 | G66: 535 | H66: 512 | I66: 0.17692694 | J66: 70497.403 | K66: 12472.89 | L66: 64260.958 | M66: 884584.32 | N66: 12.547757 | O66: =T62*L66*5 -> 105336.07 | P66: =SUM(O66:O$69) -> 204590.97 | Q66: =P66/J66 -> 2.9021064
A67: 75-79 | B67: 7385 | C67: 7797 | D67: 8323 | E67: 8741 | F67: 509 | G67: 484 | H67: 488 | I67: 0.26062845 | J67: 58024.514 | K67: 15122.839 | L67: 50463.094 | M67: 563279.53 | N67: 9.707613 | O67: =T63*L67*5 -> 48686.497 | P67: =SUM(O67:O$69) -> 99254.893 | Q67: =P67/J67 -> 1.7105683
A68: 80-84 | B68: 4388 | C68: 4470 | D68: 4649 | E68: 4833 | F68: 483 | G68: 442 | H68: 427 | I68: 0.39510214 | J68: 42901.675 | K68: 16950.543 | L68: 34426.403 | M68: 310964.05 | N68: 7.2482964 | O68: =T63*L68*5 -> 33214.391 | P68: =SUM(O68:O$69) -> 50568.397 | Q68: =P68/J68 -> 1.1787045
A69: 85+ | B69: 2740 | C69: 2768 | D69: 2878 | E69: 3023 | F69: 556 | G69: 510 | H69: 528 | I69: 0.63696304 | J69: 25951.131 | K69: 25951.131 | L69: 138832.04 | M69: 138832.04 | N69: 5.3497491 | O69: =T64*L69*5 -> 17354.005 | P69: =SUM(O69:O$69) -> 17354.005 | Q69: =P69/J69 -> 0.66871863
B72: Počet obyvateľov k 31. 12. | F72: Počet zomretých v roku | I72: Obdobie: 2024
A73: Nitriansky kraj | B73: 2021 | C73: 2022 | D73: 2023 | E73: 2024 | F73: 2022 | G73: 2023 | H73: 2024 | I73: qx | J73: lx | K73: dx | L73: L*x | M73: Tx | N73: ex
A74: 0 | B74: 3085 | C74: 2929 | D74: 2651 | E74: 2539 | F74: 17 | G74: 10 | H74: 14 | I74: 0.005049883 | J74: 100000 | K74: 504.9883 | L74: 99545.511 | M74: 7409897.9 | N74: 74.098979
A75: 1-4 | B75: 12756 | C75: 12564 | D75: 12367 | E75: 11898 | F75: 0 | G75: 2 | H75: 1 | I75: 0.00032202662 | J75: 99495.012 | K75: 32.040042 | L75: 99478.992 | M75: 7310352.4 | N75: 73.474562
A76: 5-9 | B76: 16084 | C76: 16237 | D76: 16286 | E76: 16282 | F76: 1 | G76: 0 | H76: 0 | I76: 0.00010265149 | J76: 99462.972 | K76: 10.210022 | L76: 99457.867 | M76: 6912436.5 | N76: 69.497586
A77: 10-14 | B77: 16269 | C77: 16483 | D77: 16382 | E77: 16213 | F77: 2 | G77: 0 | H77: 1 | I77: 0.00061023123 | J77: 99452.762 | K77: 60.689181 | L77: 99422.417 | M77: 6415147.1 | N77: 64.504464
A78: 15-19 | B78: 15225 | C78: 15266 | D78: 15618 | E78: 15994 | F78: 5 | G78: 12 | H78: 5 | I78: 0.0020849454 | J78: 99392.072 | K78: 207.22704 | L78: 99288.459 | M78: 5918035 | N78: 59.542325
A79: 20-24 | B79: 16546 | C79: 15986 | D79: 15494 | E79: 15194 | F79: 10 | G79: 8 | H79: 16 | I79: 0.0037524619 | J79: 99184.845 | K79: 372.18735 | L79: 98998.752 | M79: 5421592.7 | N79: 54.661503
A80: 25-29 | B80: 20147 | C80: 19147 | D80: 18142 | E80: 17562 | F80: 24 | G80: 15 | H80: 18 | I80: 0.0046241575 | J80: 98812.658 | K80: 456.9253 | L80: 98584.195 | M80: 4926599 | N80: 49.857974
A81: 30-34 | B81: 24238 | C81: 23645 | D81: 22816 | E81: 21859 | F81: 27 | G81: 26 | H81: 25 | I81: 0.0063049681 | J81: 98355.733 | K81: 620.12976 | L81: 98045.668 | M81: 4433678 | N81: 45.077983
A82: 35-39 | B82: 27146 | C82: 26396 | D82: 25871 | E82: 25113 | F82: 58 | G82: 52 | H82: 47 | I82: 0.0093558852 | J82: 97735.603 | K82: 914.40308 | L82: 97278.401 | M82: 3943449.7 | N82: 40.348139 | T82: 1-πx
A83: 40-44 | B83: 29161 | C83: 28511 | D83: 28055 | E83: 27571 | F83: 76 | G83: 86 | H83: 66 | I83: 0.013179574 | J83: 96821.2 | K83: 1276.0621 | L83: 96183.169 | M83: 3457057.7 | N83: 35.705586 | S83: 45-54 | T83: ='nový výpočet'!R31 -> 0.76738065
A84: 45-49 | B84: 28626 | C84: 29379 | D84: 29531 | E84: 29283 | F84: 109 | G84: 119 | H84: 112 | I84: 0.019556698 | J84: 95545.138 | K84: 1868.5474 | L84: 94610.864 | M84: 2976141.8 | N84: 31.149066 | O84: =T83*L84*5 -> 363012.73 | P84: =SUM(O84:O$92) -> 1709752.7 | S84: 55-64 | T84: ='nový výpočet'!S31 -> 0.617
A85: 50-54 | B85: 23246 | C85: 23938 | D85: 25068 | E85: 26202 | F85: 173 | G85: 157 | H85: 166 | I85: 0.032985737 | J85: 93676.59 | K85: 3089.9914 | L85: 92131.595 | M85: 2503087.5 | N85: 26.720523 | O85: =T83*L85*5 -> 353500.01 | P85: =SUM(O85:O$92) -> 1346740 | Q85: =P85/J85 -> 14.376484 | R85: AAI 4.2 | S85: 65-74 | T85: ='nový výpočet'!T31 -> 0.46790674
A86: 55-59 | B86: 23117 | C86: 22819 | D86: 22512 | E86: 22246 | F86: 283 | G86: 228 | H86: 266 | I86: 0.055632357 | J86: 90586.599 | K86: 5039.546 | L86: 88066.826 | M86: 2042429.5 | N86: 22.546707 | O86: =T84*L86*5 -> 271686.16 | P86: =SUM(O86:O$92) -> 993240 | Q86: =P86/J86 -> 10.964536 | R86: =(AVERAGE(Q85:Q86)/AVERAGE(N85:N86)) -> 0.51435852 | S86: 75-84 | T86: ='nový výpočet'!U31 -> 0.35484071
A87: 60-64 | B87: 22343 | C87: 21958 | D87: 21669 | E87: 21825 | F87: 445 | G87: 366 | H87: 406 | I87: 0.088273197 | J87: 85547.053 | K87: 7551.5119 | L87: 81771.297 | M87: 1602095.4 | N87: 18.727651 | O87: =T84*L87*5 -> 252264.45 | P87: =SUM(O87:O$92) -> 721553.84 | Q87: =P87/J87 -> 8.4345844 | S87: 85+ | T87: ='nový výpočet'!V31 -> 0.025
A88: 65-69 | B88: 20541 | C88: 20501 | D88: 20610 | E88: 20421 | F88: 654 | G88: 519 | H88: 581 | I88: 0.13251299 | J88: 77995.541 | K88: 10335.423 | L88: 72827.83 | M88: 1193238.9 | N88: 15.298809 | O88: =T85*L88*5 -> 170383.16 | P88: =SUM(O88:O$92) -> 469289.39 | Q88: =P88/J88 -> 6.0168746
A89: 70-74 | B89: 14696 | C89: 15495 | D89: 16281 | E89: 16851 | F89: 701 | G89: 643 | H89: 690 | I89: 0.19359501 | J89: 67660.119 | K89: 13098.661 | L89: 61110.788 | M89: 829099.76 | N89: 12.253892 | O89: =T85*L89*5 -> 142970.75 | P89: =SUM(O89:O$92) -> 298906.22 | Q89: =P89/J89 -> 4.4177609
A90: 75-79 | B90: 7886 | C90: 8417 | D90: 8991 | E90: 9567 | F90: 587 | G90: 535 | H90: 579 | I90: 0.27473176 | J90: 54561.457 | K90: 14989.765 | L90: 47066.575 | M90: 523545.82 | N90: 9.5955248 | O90: =T86*L90*5 -> 83505.685 | P90: =SUM(O90:O$92) -> 155935.48 | Q90: =P90/J90 -> 2.8579786
A91: 80-84 | B91: 4584 | C91: 4653 | D91: 4912 | E91: 5175 | F91: 546 | G91: 453 | H91: 441 | I91: 0.39901355 | J91: 39571.692 | K91: 15789.641 | L91: 31676.872 | M91: 288212.94 | N91: 7.283311 | O91: =T86*L91*5 -> 56201.218 | P91: =SUM(O91:O$92) -> 72429.791 | Q91: =P91/J91 -> 1.8303435
A92: 85+ | B92: 2773 | C92: 2814 | D92: 2888 | E92: 3041 | F92: 567 | G92: 503 | H92: 507 | I92: 0.62821177 | J92: 23782.051 | K92: 23782.051 | L92: 129828.58 | M92: 129828.58 | N92: 5.4590996 | O92: =T87*L92*5 -> 16228.573 | P92: =SUM(O92:O$92) -> 16228.573 | Q92: =P92/J92 -> 0.68238744
B95: Počet obyvateľov k 31. 12. | F95: Počet zomretých v roku | I95: Obdobie: 2024
A96: Žilinský kraj | B96: 2021 | C96: 2022 | D96: 2023 | E96: 2024 | F96: 2022 | G96: 2023 | H96: 2024 | I96: qx | J96: lx | K96: dx | L96: L*x | M96: Tx | N96: ex
A97: 0 | B97: 3686 | C97: 3512 | D97: 3211 | E97: 2933 | F97: 14 | G97: 14 | H97: 10 | I97: 0.003935377 | J97: 100000 | K97: 393.5377 | L97: 99645.816 | M97: 7452676.8 | N97: 74.526768
A98: 1-4 | B98: 15407 | C98: 15291 | D98: 14868 | E98: 14275 | F98: 2 | G98: 5 | H98: 4 | I98: 0.00097729999 | J98: 99606.462 | K98: 97.345394 | L98: 99557.79 | M98: 7353031 | N98: 73.820823
A99: 5-9 | B99: 18944 | C99: 18908 | D99: 19177 | E99: 19378 | F99: 1 | G99: 2 | H99: 0 | I99: 0.00014178067 | J99: 99509.117 | K99: 14.108469 | L99: 99502.063 | M99: 6954799.9 | N99: 69.891082
A100: 10-14 | B100: 18538 | C100: 18889 | D100: 18883 | E100: 18716 | F100: 3 | G100: 1 | H100: 0 | I100: 0.00041343799 | J100: 99495.008 | K100: 41.135016 | L100: 99474.441 | M100: 6457289.5 | N100: 64.900638
A101: 15-19 | B101: 17736 | C101: 17787 | D101: 17946 | E101: 18176 | F101: 5 | G101: 6 | H101: 5 | I101: 0.0015150671 | J101: 99453.873 | K101: 150.67929 | L101: 99378.534 | M101: 5959917.3 | N101: 59.926448
A102: 20-24 | B102: 19464 | C102: 18895 | D102: 18341 | E102: 18030 | F102: 13 | G102: 12 | H102: 10 | I102: 0.0030118541 | J102: 99303.194 | K102: 299.08673 | L102: 99153.651 | M102: 5463024.7 | N102: 55.013585
A103: 25-29 | B103: 23362 | C103: 22248 | D103: 21086 | E103: 20338 | F103: 22 | G103: 26 | H103: 9 | I103: 0.0043055576 | J103: 99004.107 | K103: 426.26789 | L103: 98790.973 | M103: 4967256.4 | N103: 50.172226
A104: 30-34 | B104: 26362 | C104: 25951 | D104: 25565 | E104: 25033 | F104: 40 | G104: 24 | H104: 26 | I104: 0.0059817074 | J104: 98577.84 | K104: 589.6638 | L104: 98283.008 | M104: 4473301.5 | N104: 45.378369
A105: 35-39 | B105: 27713 | C105: 27333 | D105: 27090 | E105: 26524 | F105: 53 | G105: 36 | H105: 56 | I105: 0.0086268046 | J105: 97988.176 | K105: 845.32485 | L105: 97565.513 | M105: 3981886.5 | N105: 40.636398 | T105: 1-πx
A106: 40-44 | B106: 28857 | C106: 28346 | D106: 27989 | E106: 27559 | F106: 70 | G106: 69 | H106: 75 | I106: 0.012241444 | J106: 97142.851 | K106: 1189.1688 | L106: 96548.266 | M106: 3494058.9 | N106: 35.968256 | S106: 45-54 | T106: ='nový výpočet'!R32 -> 0.75952613
A107: 45-49 | B107: 27968 | C107: 28577 | D107: 28902 | E107: 29040 | F107: 134 | G107: 97 | H107: 102 | I107: 0.020139622 | J107: 95953.682 | K107: 1932.4709 | L107: 94987.447 | M107: 3011317.6 | N107: 31.383033 | O107: =T106*L107*5 -> 360727.24 | P107: =SUM(O107:O$115) -> 1193639.6 | S107: 55-64 | T107: ='nový výpočet'!S32 -> 0.289
A108: 50-54 | B108: 22420 | C108: 23201 | D108: 24241 | E108: 25379 | F108: 194 | G108: 156 | H108: 166 | I108: 0.034546532 | J108: 94021.211 | K108: 3248.1068 | L108: 92397.158 | M108: 2536380.4 | N108: 26.976683 | O108: =T106*L108*5 -> 350890.28 | P108: =SUM(O108:O$115) -> 832912.35 | Q108: =P108/J108 -> 8.8587707 | R108: AAI 4.2 | S108: 65-74 | T108: ='nový výpočet'!T32 -> 0.22093773
A109: 55-59 | B109: 22095 | C109: 21803 | D109: 21304 | E109: 20975 | F109: 283 | G109: 238 | H109: 218 | I109: 0.056381251 | J109: 90773.104 | K109: 5117.9012 | L109: 88214.154 | M109: 2074394.6 | N109: 22.852524 | O109: =T107*L109*5 -> 127469.45 | P109: =SUM(O109:O$115) -> 482022.07 | Q109: =P109/J109 -> 5.310186 | R109: =(AVERAGE(Q108:Q109)/AVERAGE(N108:N109)) -> 0.28435043 | S109: 75-84 | T109: ='nový výpočet'!U32 -> 0.16890477
...
